,ARTISTAS,F,E
1,8 Kays ,,
2,Above & Beyond,,
3,Acid Pauli ,,
4,Adam Beyer ,,
5,Adam Ten ,,
6,Adana Twins ,,
7,Adriatique,,
8,AFFKT,,
9,Afshin Momadi ,,
10,Agents of Time ,,
11,Agoria,,
12,Aikon,,
13,Alesso ,,
14,Alican,,
15,Allen Husley ,,
16,Ame ,,
17,Ameme,,
18,Amine K,,
19,Andhim,,
20,Andy Bros,,
21,Andy Martin ,,
22,Anfisa Letyago ,,
23,Angelos ,,
24,Anja Schneider ,,
25,Ann Clue ,,
26,ANNA,,
27,Anna Tur,,
28,Anotr,,
29,Anstascia,,
30,Anthony Middleton ,,
31,Apollonia,,
32,Archie Hamilton ,,
33,Argy ,,
34,Armand Van Helden,,
35,Armen Miran ,,
36,Armin Van Buuren,,
37,Arodes ,,
38,Art Department /Kenny Glasgow,,
39,Artbat,,
40,Asaf Samuel,,
41,Ash,,
42,Atish,,
43,Avangart Tabldot ,,
44,Avicci ,,
45,Avision ,,
46,Awen ,,
47,B Jones ,,
48,Baime ,,
49,Bakean,,
50,Bantwanas ,,
51,Baron ,,
52,Bart Skils ,,
53,Bartolomeo ,,
54,BEC,,
55,Bedouin ,,
56,Ben Böhmer,,
57,Benjamin Fröhlich ,,
58,Ben Klock,,
59,Ben Sterling ,,
60,Biesmans ,,
61,Birds of Mind ,,
62,Black Coffee ,,
63,Blondish,,
64,Bob Moses ,,
65,Booka Shade ,,
66,Bora Uzer,,
67,Boris Brejcha ,,
68,Brina Knauss ,,
69,Britta Arnold ,,
70,Byron The Aquarius ,,
71,Cabizbajo ,,
72,Calvin Harris ,,
73,Camel Phat,,
74,Caribou,,
75,Carl Cox ,,
76,Carl Craig ,,
77,Carlita ,,
78,Carmel,,
79,Carnage ,,
80,Cassian ,,
81,Chaim ,,
82,Chambord ,,
83,Charlotte De Witte,,
84,Chelina Manuhutu ,,
85,Chloé Caillet ,,
86,Chris Lake,,
87,Chris Liebing ,,
88,Chris Schwarzwälder ,,
89,Chris Stussy ,,
90,Christian Löffler ,,
91,Chus ,,
92,CinCity ,,
93,Cipy,,
94,Claptone ,,
95,Cloonee,,
96,Collé,,
97,Colossio ,,
98,Colyn ,,
99,Cosmic Gate ,,
100,Cristoph ,,
101,Curol ,,
102,Damian Lazarus ,,
103,Damon Jee ,,
104,Danny Daze ,,
105,Danny Howells,,
106,Danny Tenaglia ,,
107,Dark Entries /Josh Cheon ,,
108,Darren Emerson ,,
109,Dave Clarke ,,
110,Dave Seaman,,
111,Davi ,,
112,David Guetta ,,
113,David Morales,,
114,Deadmau 5,,
115,Debora De Luca ,,
116,Deep Dish ,,
117,Deer Jade ,,
118,Denesh Tot ,,
119,Denis Horvat ,,
120,Dennis Cruz ,,
121,Derrick May ,,
122,Desiree ,,
123,Dimitri from Amsterdam ,,
124,Dimitri Vegas & Like Mike,,
125,Diplo,,
126,Discolsure ,,
127,Dixon ,,
128,DJ Bone ,,
129,DJ Deep ,,
130,DJ Gregory ,,
131,DJ Hell ,,
132,DJ Holographic ,,
133,DJ Koze,,
134,DJ Mike ,,
135,DJ Minx,,
136,DJ Pierre ,,
137,DJ Rush,,
138,DJ Tennis ,,
139,DJ Three ,,
140,Doctor Dru ,,
141,Dodi Palese,,
142,DOP,,
143,Dorian Craft,,
144,Dubfire,,
145,Duke Demont ,,
146,Eagles & Butterflies ,,
147,Echonomist ,,
148,Eelke Kleijn ,,
149,Eli & Fur,,
150,Eli Iwasa ,,
151,Elif ,,
152,Ellen Alien,,
153,Emanuel Satie ,,
154,Enzo Elia,,
155,Erick Duncan ,,
156,Erick Morillo ,,
157,Erick Prydz,,
158,Es Mëstiza ,,
159,Fantastic Twins ,,
160,Fatboy Slim ,,
161,Fatima ,,
162,Fedde Le Grand ,,
163,Fedele ,,
164,Felix Raphael ,,
165,Ferry Corsten ,,
166,Fideles ,,
167,Fiona Kraft ,,
168,Fjaak ,,
169,Flashmob ,,
170,Floyd Lavine ,,
171,Folamour ,,
172,Franc Fala ,,
173,Francesca Lombardo ,,
174,Francis Mercier,,
175,Frank Storm ,,
176,Frank Wiedemann ,,
177,Franz Scala ,,
178,Freedom Fighters ,,
179,French 79,,
180,Funk Tribu ,,
181,Furcoat ,,
182,Gauthier DM,,
183,Gerd Janson ,,
184,Giorgia Angiuli ,,
185,Glauco di Mambro,,
186,GNMR,,
187,Gordo ,,
188,Gorje Hewek ,,
189,Green Velvet ,,
190,Greta Levska,,
191,Gus Gus ,,
192,Guy Gerber,,
193,Guy J ,,
194,Guy Mantzur ,,
195,HAAi,,
196,Hannes Bieger ,,
197,Hardt Antoine ,,
198,Hardwel,,
199,Harvey ,,
200,Hector,,
201,Hector Oaks ,,
202,Henri Bergman ,,
203,Hernan Cattaneo ,,
204,Holder ,,
205,Holmar ,,
206,Hoomance,,
207,Hosh,,
208,Hot Since 82,,
209,Hraach,,
210,Husa & Zeyada,,
211,Ida Engberg ,,
212,Idriss D,,
213,Igor Marijuan ,,
214,Ilich Mujica ,,
215,Indira Paganotto,,
216,Innelea ,,
217,Irene Dresel,,
218,Isi Audi ,,
219,Jackmaster ,,
220,Jacob Groening ,,
221,Jaguar ,,
222,James de Torres ,,
223,Jamie Jones,,
224,Jan Blomqvist ,,
225,Jeff Mills,,
226,Jenia Tarsol ,,
227,Jennifer Cardini ,,
228,Jeremy Olander ,,
229,Jessica Audiffred ,,
230,Jessica Brankka ,,
231,Jimi Jules ,,
232,Jim Rider ,,
233,Joan Atkins ,,
234,Job Jobse ,,
235,Joep Mencke,,
236,John Acquaviva,,
237,John Digweed ,,
238,Joke ,,
239,Jonathan Kaspar ,,
240,Joris Delacroix ,,
241,Joris Voorn,,
242,Jose Noventa ,,
243,Joseph Capriati ,,
244,Josh Gigante ,,
245,Josh Wink,,
246,Just Her ,,
247,Justin Strauss ,,
248,Kadosh,,
249,Kasper Björke ,,
250,Kate Zubok ,,
251,Kaz James,,
252,Keinemusik,,
253,Kenny Larkin ,,
254,Kerala Dust ,,
255,Kevin De Vries ,,
256,Kevin Sanderson ,,
257,Khen ,,
258,Kolektiv Turmstrasse,,
259,Kölsch,,
260,Komashov ,,
261,Konstantin Giegling ,,
262,Konstantin Sibold,,
263,Kora ,,
264,Kshmr ,,
265,Kura ,,
266,Kygo,,
267,Lady Starlight ,,
268,Landikhan ,,
269,Laoulu ,,
270,Lauren Mia ,,
271,Laurent Garnier ,,
272,Lee Ann Roberts ,,
273,Lee Burridge ,,
274,Lehar,,
275,Leon (FR),,
276,Lemurian ,,
277,Len Faki ,,
278,Louie Vega,,
279,LP Giobbi,,
280,Luca Saporito,,
281,Luch ,,
282,Luciano ,,
283,Luigi Madonna ,,
284,Lum,,
285,Maceo Plex ,,
286,Madmotormiquel ,,
287,Madota Music ,,
288,Maga,,
289,Magdalena ,,
290,Mâhfoud,,
291,Mahmut Oran ,,
292,Mala Ika,,
293,Mandrake ,,
294,Mandy ,,
295,Mano Le Tough,,
296,Map.ache ,,
297,Marcel Dettmann,,
298,Marco Carola ,,
299,Marco Faraone ,,
300,Marino Canal ,,
301,Markus Schulz,,
302,Marsh ,,
303,Marshmellow ,,
304,Marten Lou ,,
305,Martin Garrix ,,
306,Martin Roch ,,
307,Marvin & Guy ,,
308,Masano,,
309,Mashrik,,
310,Massam,,
311,Mat Joe ,,
312,Mathew Jonson ,,
313,Mathias Kaden ,,
314,Matisa ,,
315,Matjoe,,
316,Matthias Meyer ,,
317,Max Cooper ,,
318,Maxi Meraki ,,
319,Meca ,,
320,Mees Salomé,,
321,MEMO,,
322,Mendrix ,,
323,Metrika,,
324,Miguelle & Tons,,
325,Mimi Love,,
326,Mind Against ,,
327,Mira ,,
328,Mishell ,,
329,Miss Monique ,,
330,Mita Gami ,,
331,MoBlack ,,
332,Moderna ,,
333,Monolink ,,
334,Mooglie ,,
335,Moojoo ,,
336,Moritz Hofbauer ,,
337,Murat Uncuoglu ,,
338,Musumeci ,,
339,Mystery Affair ,,
340,Nadav Vee ,,
341,Nandu ,,
342,ND Baumecker ,,
343,Nic Fanciulli ,,
344,Nick Varon ,,
345,Nick Warren ,,
346,Nico Morano,,
347,Nico Moreno ,,
348,Nico Stojan ,,
349,Nicolas Jaar,,
350,Nicole Moudaber,,
351,Niki Sadeki ,,
352,Nina Kraviz,,
353,Nite Flite ,,
354,Nomis,,
355,Nora En Pure ,,
356,Notre Dame ,,
357,NTO,,
358,Nu ,,
359,Oceanvs Orientalis,,
360,Oden & Fatzo ,,
361,Olivier Koletzki,,
362,Olivier Weiter ,,
363,Omer Tayar,,
364,Omri Gueta ,,
365,Oohna Dal,,
366,Oostil,,
367,Oscar L ,,
368,Otta ,,
369,Pablo Fierro ,,
370,Pachanga Boys,,
371,Palm Traxx ,,
372,Pan Pot ,,
373,Parallele ,,
374,Parra For Cuva ,,
375,Patrice Bäumel ,,
376,Patrick Mason ,,
377,Paul Kalkbrenner ,,
378,Paul Oakenfold,,
379,Paul Van Dyk,,
380,Pawsa ,,
381,Pete Tong ,,
382,Peter Invasion ,,
383,Phunkadelica ,,
384,Pipi,,
385,Pole Position (Squire & Loic) ,,
386,Prunk ,,
387,Radio Slave ,,
388,Rampa ,,
389,Rampue ,,
390,Ramyen ,,
391,Raw Main ,,
392,Raxon ,,
393,Ray Kash,,
394,Ray Okpara,,
395,Rebolledo ,,
396,Recondite ,,
397,Reznik ,,
398,Ricardo Villalobos ,,
399,Richie Hawtin ,,
400,Richy Ahmed,,
401,Riva Starr ,,
402,Robert Hood ,,
403,Robin Schulz ,,
404,Rodhad ,,
405,Rodriguez Jr,,
406,Roger Sanchez ,,
407,Rolbac ,,
408,Romain Garcia ,,
409,Rony Seikaly,,
410,Roy Rosenfeld ,,
411,Royskopp,,
412,Rufus du Sol ,,
413,Saand ,,
414,Sabo,,
415,Sainte Vie ,,
416,Sally C,,
417,Sally M,,
418,Salomé Le Chat ,,
419,Sam Paganini ,,
420,Sam Shure,,
421,Samantha Togni ,,
422,Santiago Garcia ,,
423,Sara Landry ,,
424,Sarkis Mikael ,,
425,Satori ,,
426,Sean Doron ,,
427,Sebastian Mullaert ,,
428,Sebastien Leger,,
429,Serge Devant ,,
430,Seth Schwartz ,,
431,Seth Troxler ,,
432,Sezer Uysal ,,
433,Shall Ocin ,,
434,Shimon,,
435,Shimza ,,
436,Shubostar ,,
437,Silicone Soul ,,
438,Simone De Kunovich ,,
439,Simone Gigante ,,
440,Snake,,
441,Solomun,,
442,Sora ,,
443,Space 92,,
444,Spada ,,
445,Squire ,,
446,Stavroz,,
447,Steve Aoki ,,
448,Steve Bug ,,
449,Steve Rachmad ,,
450,Stimming ,,
451,Sven Väth ,,
452,Sydney Charles ,,
453,Syreeta ,,
454,Tale of Us,,
455,Tania Vulcano ,,
456,Tara Brooks ,,
457,Ten Walls ,,
458,The Blaze ,,
459,The Blessed Madonna ,,
460,The Element,,
461,The Freedom fighters,,
462,Themba ,,
463,The Ones ,,
464,The Soul Brothers ,,
465,Thugfucker ,,
466,Tiefschwarz ,,
467,Tiestö ,,
468,Tiga ,,
469,Tim Green,,
470,Timo Maas ,,
471,Timujin ,,
472,Tom Breu,,
473,Tony De Vit ,,
474,Tony Y Not ,,
475,Tooker ,,
476,Toto Chiavetta ,,
477,Traumer ,,
478,Trentemöller ,,
479,Trikk,,
480,Trym ,,
481,Ubbah ,,
482,u.r.trax,,
483,Unders ,,
484,Underworld,,
485,Valentin Huedo ,,
486,Vander ,,
487,Vanjee ,,
488,Victor Calderone ,,
489,Victor Ruiz,,
490,Viken Arman,,
491,Vintage Culture,,
492,Vitalic ,,
493,VNTM,,
494,Volen Sentir ,,
495,Wahm,,
496,Wehbba,,
497,Whitesquare ,,
498,Who Made Who ,,
499,Worakls ,,
500,Wurtz ,,
501,Yamagucci ,,
502,Yost Koen ,,
503,Zombies In Miami,,